nome,idade,cpf,rg,data_nasc,sexo,email,cep,endereco,numero,bairro,cidade,estado,telefone_fixo,celular
Isaac Sebastião Rocha,68,45580669615,336081418,14/01/1952,Masculino,iisaacsebastiaorocha@apso.org.br,66630393,Passagem União,322,Bengui,Belém,PA,9128363282,91984581798
Rosa Andrea Teixeira,53,21670849600,123870811,10/03/1967,Feminino,rosaandreateixeira__rosaandreateixeira@email.com,40300235,Vila Toni,738,Baixa de Quintas,Salvador,BA,7139693199,71983788186
Fátima Catarina Pereira,51,87665484034,244679423,15/02/1969,Feminino,fatimacatarinapereira__fatimacatarinapereira@ftcomercial.com.br,59142522,Rua Antônio Gomes da Silva,338,Bela Parnamirim,Parnamirim,RN,8438553972,84987692088
Elaine Emily Ana Nogueira,77,33035014400,471414578,04/04/1943,Feminino,elaineemilyananogueira-80@embraer.com.br,55840970,Rua Papa João XXlll 50,451,Centro,Lagoa do Itaenga,PE,8137049190,81992750837
Aparecida Laura Emanuelly Teixeira,62,84669653431,420595053,10/08/1958,Feminino,aparecidalauraemanuellyteixeira..aparecidalauraemanuellyteixeira@pib.com.br,36770305,Rua Paraíba,185,Carijós,Cataguases,MG,3226320452,32993369848
Nair Lívia da Conceição,80,28487235646,368285807,09/04/1940,Feminino,nairliviadaconceicao-71@akaer.com.br,79034675,Rua Camelo,123,Conjunto Habitacional Estrela D'Alva II,Campo Grande,MS,6725535189,67996686422
Jorge Giovanni Filipe Pires,70,83260682090,233849294,19/08/1950,Masculino,jorgegiovannifilipepires-87@2registrocivil.com.br,79005390,Rua Visconde de Taunay,310,Amambaí,Campo Grande,MS,6726686925,67988707305
Isadora Simone Olivia Corte Real,50,86856587058,445469523,10/02/1970,Feminino,iisadorasimoneoliviacortereal@marramoncks.com.br,4439055,Praça Isis do Carmo Gutierrez,119,Jardim Martini,São Paulo,SP,1138316073,11986201935
Tomás Luiz Rezende,49,19630723328,184165003,04/12/1971,Masculino,tomasluizrezende_@crsilvadesign.com,77435270,Rua C-013,137,Setor Morada do Sol,Gurupi,TO,6326595908,63982046312
Jorge Theo Osvaldo Rocha,51,77171813126,316073489,17/10/1969,Masculino,jjorgetheoosvaldorocha@huios.com.br,57306600,Rua Pedro Romualdo de Oliveira Lima,308,Cavaco,Arapiraca,AL,8237105201,82989165149
Lorena Camila Moraes,26,37353867760,149533202,05/07/1994,Feminino,lorenacamilamoraes__lorenacamilamoraes@outlook.com.br,89045502,Rua Augustinho Rodolfo da Silva,134,Velha Grande,Blumenau,SC,4728622824,47984867104
José Samuel Jorge Caldeira,31,85161972394,187701787,20/06/1989,Masculino,jjosesamueljorgecaldeira@oticascarol.com.br,29165530,Rua Pablo Picasso,122,Parque Residencial Laranjeiras,Serra,ES,2737030289,27994286827
Nair Rosângela Souza,54,76694386060,287343534,09/05/1966,Feminino,nairrosangelasouza__nairrosangelasouza@fepextrusao.com.br,51300110,Rua Gonçalo Leitão,513,COHAB,Recife,PE,8139951694,81995450838
Giovana Sandra Analu Moraes,66,3358332250,302777234,19/04/1954,Feminino,ggiovanasandraanalumoraes@babo.adv.br,89805130,Rua Pascoal Moro,378,Passo dos Fortes,Chapecó,SC,4937126462,49984651526
Vinicius Gabriel Moura,66,21982509007,238627998,01/03/1954,Masculino,viniciusgabrielmoura-79@maccropropaganda.com.br,41307290,Caminho 05,701,Nova Brasília de Valéria,Salvador,BA,7136630949,71993433450
Sophia Carla Campos,53,51295541599,125930987,19/01/1967,Feminino,ssophiacarlacampos@newpark.com,58055100,Rua Josemar Serrano de Assis,346,Mangabeira,João Pessoa,PB,8328268459,83991446308
Gabriela Gabrielly Hadassa Melo,56,60215855779,165150956,10/10/1964,Feminino,gabrielagabriellyhadassamelo_@novotempo.org.br,89810612,Rua Maria Jacinto Roque,901,Vila Rica,Chapecó,SC,4939503118,49984700371
Antônia Sandra das Neves,31,86567695706,260039135,07/12/1989,Feminino,antoniasandradasneves_@avantii.com.br,35502800,Rua Romão,673,Serra Verde,Divinópolis,MG,3738898172,37994146240
Isabel Lavínia Maitê Bernardes,43,3827441528,363396226,11/03/1977,Feminino,isabellaviniamaitebernardes..isabellaviniamaitebernardes@lucaslima.com,41215750,Travessa Manoel Bispo,248,Sussuarana,Salvador,BA,7136355603,71995030434
Yasmin Giovana Baptista,65,80883937360,393455543,05/01/1955,Feminino,yasmingiovanabaptista__yasmingiovanabaptista@localiza.com,59032420,Rua Baía de São Marcos,407,Alecrim,Natal,RN,8439084496,84984491645
Andrea Ester Carolina Pereira,49,89829993531,105371142,24/06/1971,Feminino,andreaestercarolinapereira..andreaestercarolinapereira@sabereler.com.br,77820350,Rua 94,658,Jardim dos Ipês III,Araguaína,TO,6329070287,63993567077
Fernanda Analu Stefany Drumond,27,43099897566,323892838,24/06/1993,Feminino,ffernandaanalustefanydrumond@pichler.com.br,6725290,Rua Paulino Pires Domingues,346,Jardim Primavera,Cotia,SP,1137184935,11994735699
Bernardo Murilo Aragão,69,25798368297,172635378,22/02/1951,Masculino,bernardomuriloaragao__bernardomuriloaragao@doublemoore.com,69088508,Beco Alfazema,630,Jorge Teixeira,Manaus,AM,9236882725,92999797865
Raimunda Maria Marli Figueiredo,56,69948625269,264473395,23/10/1964,Feminino,rraimundamariamarlifigueiredo@live.jp,75071880,Rua Gênova,434,Loteamento Residencial Verona,Anápolis,GO,6227910730,62981816510
Aurora Mariana Moura,27,82573224236,402791939,23/10/1993,Feminino,auroramarianamoura..auroramarianamoura@bluewash.com.br,99704274,Rua Diamantino Antonio Rigo,517,Linho,Erechim,RS,5426845621,54994155334
Henry Vinicius Fogaça,26,60026350173,377715669,11/08/1994,Masculino,henryviniciusfogaca-95@dvdja.com.br,64215010,Avenida Armando Cajubá,813,Campos,Parnaíba,PI,8628394194,86989644330
Bento Carlos Aragão,64,32306730857,381788222,15/05/1956,Masculino,bentocarlosaragao__bentocarlosaragao@bol.com,60810090,Rua Olavo Lima Silva,905,Patriolino Ribeiro,Fortaleza,CE,8539232176,85995063405
Débora Bianca Assunção,53,63569809315,253667732,22/09/1967,Feminino,deborabiancaassuncao_@pibnet.com.br,76870132,Alameda Cacaueiro,298,Setor 01,Ariquemes,RO,6936735565,69982729883
Aurora Sarah Pinto,60,85067956216,441585772,20/09/1960,Feminino,aaurorasarahpinto@nipnet.com.br,23028150,Rua Enrico Caruso,789,Guaratiba,Rio de Janeiro,RJ,2137215083,21997144386
Gael Marcos Gonçalves,60,2617155773,445938432,27/04/1960,Masculino,ggaelmarcosgoncalves@willianareiaepedra.com.br,2043061,Rua Almirante Noronha,520,Jardim São Paulo(Zona Norte),São Paulo,SP,1127115854,11983479472
Melissa Sophia Larissa Rezende,45,42696993963,427334081,26/11/1975,Feminino,melissasophialarissarezende__melissasophialarissarezende@rabelloadvogados.com.br,4650031,Rua Manuel Alonso Medina,648,Jardim Umuarama,São Paulo,SP,1137352618,11994647478
Eduardo Jorge Nicolas Pinto,71,50325173052,285661139,27/04/1949,Masculino,eeduardojorgenicolaspinto@supergasbras.com.br,76802350,Estrada do Belmont,777,Nacional,Porto Velho,RO,6935904891,69994422297
Juliana Heloisa Nicole Figueiredo,78,60893190314,308669459,05/09/1942,Feminino,julianaheloisanicolefigueiredo-83@hidrara.com.br,88502175,Praça João Costa,332,Centro,Lages,SC,4938937225,49989427714
Caio Rodrigo Yago Jesus,78,57084708952,423520635,05/02/1942,Masculino,caiorodrigoyagojesus-86@zf.com,64079023,Rua José Evangelista Coelho,240,Novo Horizonte,Teresina,PI,8625083737,86995069097
Beatriz Raquel Alves,35,72931929590,163074094,02/01/1985,Feminino,beatrizraquelalves-97@foxtech.com.br,64020320,Quadra Saci,167,Saci,Teresina,PI,8638113472,86993379241
Edson Ryan Rodrigues,36,50229571751,345519462,24/11/1984,Masculino,edsonryanrodrigues-96@comercialrafael.com.br,49043466,Avenida Jornalista Juarez Conrado Dantas,877,Santa Maria,Aracaju,SE,7938537543,79994693271
Murilo Raimundo Carlos Eduardo das Neves,39,26595813041,255612436,24/10/1981,Masculino,muriloraimundocarloseduardodasneves_@origamieventos.com.br,69918250,Rua São Cristóvão,181,Isaura Parente,Rio Branco,AC,6829376263,68995717417
Adriana Heloisa Elza Figueiredo,33,53625476150,283114071,11/12/1987,Feminino,adrianaheloisaelzafigueiredo__adrianaheloisaelzafigueiredo@slb.com.br,29149417,Rua F,818,Nova Brasília,Cariacica,ES,2737649336,27996200454
Luís Levi Pietro Ramos,42,6526562000,411120049,14/07/1978,Masculino,lluislevipietroramos@flama.biz,56503212,Rua Padre Anchieta,742,São Cristóvão,Arcoverde,PE,8739621017,87998932579
Alícia Mariane Cavalcanti,76,58442709673,317302851,01/06/1944,Feminino,aliciamarianecavalcanti..aliciamarianecavalcanti@dcabr.org.br,64211100,Quadra 03,810,Dirceu Arcoverde,Parnaíba,PI,8635596052,86998557947
Sophia Fátima da Cruz,68,65113051551,327295296,18/01/1952,Feminino,sophiafatimadacruz-89@santosferreira.adv.br,33826190,Avenida Canaã,586,Fazenda Castro,Ribeirão das Neves,MG,3127254710,31984684961
Bento João Joaquim Rodrigues,70,66124621835,454636313,01/10/1950,Masculino,bbentojoaojoaquimrodrigues@velc.com.br,78053775,Travessa Dois,970,Centro América,Cuiabá,MT,6537008707,65986944500
Thiago Raul Edson Baptista,69,82637247673,134752028,19/02/1951,Masculino,thiagorauledsonbaptista-92@machiv.com.br,5887490,Travessa Sete Anos de Luta,694,Parque Fernanda,São Paulo,SP,1125952728,11997933999
Emily Tatiane Galvão,69,91295684551,302387894,18/03/1951,Feminino,emilytatianegalvao..emilytatianegalvao@recatec.com.br,76829476,Avenida Rio de Janeiro,453,Tancredo Neves,Porto Velho,RO,6936944657,69984522838
Lara Raquel Andreia Farias,53,95647921779,344817155,05/09/1967,Feminino,lararaquelandreiafarias__lararaquelandreiafarias@gilconsultoria.com.br,60721020,Vila Tatiana,786,Parangaba,Fortaleza,CE,8527913539,85989275097
Cláudia Lavínia Mariana Drumond,43,19247746582,445388456,01/09/1977,Feminino,claudialaviniamarianadrumond__claudialaviniamarianadrumond@lucaslima.com,68907530,Avenida Mar Egeu,868,Renascer,Macapá,AP,9639425599,96995588308
Elisa Elaine Nascimento,18,15563404277,366870956,02/11/2002,Feminino,elisaelainenascimento_@tasaut.com.br,66820397,Passagem das Graças,448,Tenoné,Belém,PA,9135580650,91992922057
Breno Isaac Pietro Monteiro,71,69752967744,403971007,09/10/1949,Masculino,brenoisaacpietromonteiro..brenoisaacpietromonteiro@rafaeladson.com,67130410,Travessa WE-13-B,763,Cidade Nova,Ananindeua,PA,9137109184,91992619674
Ian André Sebastião Aparício,62,75636694180,138072371,11/12/1958,Masculino,ianandresebastiaoaparicio..ianandresebastiaoaparicio@mx.labinal.com,13049253,Avenida Antonio Artioli,438,Swiss Park,Campinas,SP,1938654400,19997606171
Ricardo Levi Renan Monteiro,21,23220302289,190986773,11/09/1999,Masculino,ricardolevirenanmonteiro-86@jp.ind.br,65066867,Rua Milão,494,Chácara Brasil,São Luís,MA,9828630674,98988503059
Ian Felipe Leandro Jesus,65,3254660501,139112844,25/05/1955,Masculino,ianfelipeleandrojesus..ianfelipeleandrojesus@qualita.srv.br,56312560,Rua Quarenta e Sete,162,São Gonçalo,Petrolina,PE,8738457261,87994827331
Heloisa Cláudia Campos,75,78561394552,344011513,08/02/1945,Feminino,heloisaclaudiacampos_@oi15.com.br,69970970,"Rua Coronel Juvêncio de Menezes, s/n",958,Centro,Tarauacá,AC,6838724664,68991369831
Valentina Rayssa Natália Teixeira,69,72209283353,444203783,22/09/1951,Feminino,valentinarayssanataliateixeira_@br.com.br,89053513,Rua Albino Ersinger,226,Itoupava Norte,Blumenau,SC,4735824139,47984202727
Igor Levi Renan da Cruz,61,60790073714,373447449,08/10/1959,Masculino,igorlevirenandacruz__igorlevirenandacruz@aerobravo.com.br,68901750,Rua Secundino Campos,477,Nova Esperança,Macapá,AP,9636309171,96986852720
Guilherme Carlos Eduardo Castro,58,41526808811,188209712,14/08/1962,Masculino,gguilhermecarloseduardocastro@htmail.com,91778110,Rua Jessé Silva,714,Ponta Grossa,Porto Alegre,RS,5125258542,51997403641
Josefa Regina Rosa Barros,53,77628982042,324311928,25/02/1967,Feminino,jjosefareginarosabarros@helpvale.com.br,29016140,Escadaria Francisco de Paula Andrade,741,Centro,Vitória,ES,2736151880,27995505483
Márcia Isabela da Luz,20,83444082371,493125449,16/12/2000,Feminino,mmarciaisabeladaluz@gracomonline.com.br,77006398,Quadra 404 Norte Alameda 17,301,Plano Diretor Norte,Palmas,TO,6329573488,63997367446
Isis Emily Evelyn Drumond,67,61107842492,485494681,15/07/1953,Feminino,isisemilyevelyndrumond..isisemilyevelyndrumond@gmindustria.com.br,76870018,Avenida Jamari,363,Áreas Especiais 01,Ariquemes,RO,6938959557,69988555038
Bernardo Calebe Noah Brito,65,72228832669,443326617,06/06/1955,Masculino,bernardocalebenoahbrito..bernardocalebenoahbrito@10clic.com.br,66640621,Rua da Paz II,506,Mangueirão,Belém,PA,9129048593,91998605507
Rebeca Elaine Bernardes,18,85945495204,493172932,27/06/2002,Feminino,rebecaelainebernardes_@portoweb.com.br,41611135,Rua Alto da Bela Vista,399,Nova Brasília de Itapuã,Salvador,BA,7125738981,71998928174
Luiza Cláudia Souza,78,56085935960,101197822,14/12/1942,Feminino,luizaclaudiasouza_@crbrandao.com.br,49020130,Rua Joaquim Góes,819,Treze de Julho,Aracaju,SE,7938623900,79992251670
Noah Bruno Figueiredo,45,41767834942,137395541,03/05/1975,Masculino,noahbrunofigueiredo..noahbrunofigueiredo@live.jp,76820880,Avenida Nicarágua,908,Embratel,Porto Velho,RO,6937362866,69984818252
Bruno Pedro Henrique Moura,58,26108933291,133366522,24/05/1962,Masculino,bbrunopedrohenriquemoura@netsinf.com.br,64027310,Rua Odilon Nunes,999,Promorar,Teresina,PI,8639040178,86981447602
Luiz Vinicius Ian Lima,41,15659310508,354224499,25/09/1979,Masculino,luizviniciusianlima..luizviniciusianlima@tigra.com.br,54240350,Rua Doze,898,Curado,Jaboatão dos Guararapes,PE,8129617553,81998612447
Murilo Diego Bernardes,37,27799934727,260690077,17/05/1983,Masculino,mmurilodiegobernardes@tecvap.com.br,21011460,Rua Piria,294,Braz de Pina,Rio de Janeiro,RJ,2125556436,21999872161
Mariane Giovana Viana,27,12599816904,145218326,10/03/1993,Feminino,marianegiovanaviana..marianegiovanaviana@tivit.com.br,76961749,Rua Catarino Cardoso,400,Conjunto Halley,Cacoal,RO,6937508142,69991852108
Analu Sara Esther Assis,22,60156476207,267953756,07/03/1998,Feminino,analusaraestherassis_@sandvik.com,79065254,Travessa Janita,931,Vila Moreninha III,Campo Grande,MS,6728116535,67999039681
Patrícia Alana Allana Cavalcanti,38,85789747949,162871132,13/07/1982,Feminino,ppatriciaalanaallanacavalcanti@unifox.com.br,9380555,Rua Vinte,451,Jardim Oratório,Mauá,SP,1136239458,11987290729
Natália Luzia Malu Ribeiro,24,58887869855,239853301,02/08/1996,Feminino,natalialuziamaluribeiro_@sp.gov.br,76873171,Travessa Gaivota,855,Setor 02,Ariquemes,RO,6935101653,69984595060
Lorena Heloise Nicole da Cunha,54,33692299273,141511242,06/10/1966,Feminino,lorenaheloisenicoledacunha__lorenaheloisenicoledacunha@whgames.com.br,33925480,Rua Amália Barbosa de Freitas,316,Pedra Branca (Justinópolis),Ribeirão das Neves,MG,3139935094,31994279971
Vicente Marcelo Matheus Rocha,18,9927824904,296094699,01/05/2002,Masculino,vicentemarcelomatheusrocha..vicentemarcelomatheusrocha@castromobile.com.br,65077280,Travessa dos Periquitos,723,Jardim Renascença,São Luís,MA,9827788963,98986536196
Milena Andreia Renata Porto,71,19263882592,343161722,18/05/1949,Feminino,milenaandreiarenataporto..milenaandreiarenataporto@juliosimoes.com.br,60543404,Vila Missisipi,680,Bom Jardim,Fortaleza,CE,8538222261,85998256234
Mariana Andrea Peixoto,31,91927550033,245184661,20/10/1989,Feminino,marianaandreapeixoto_@imobiliariamaciel.com.br,66060085,Vila Fátima,710,Fátima,Belém,PA,9126728364,91986688063
Marlene Valentina Kamilly Rocha,27,87946842198,417708245,02/04/1993,Feminino,marlenevalentinakamillyrocha__marlenevalentinakamillyrocha@elimco.com,66630650,Alameda Safira,232,Bengui,Belém,PA,9125883027,91994499777
Vitória Aurora Moraes,39,79728696345,407587317,19/07/1981,Feminino,vitoriaauroramoraes__vitoriaauroramoraes@br.inter.net,72916251,Quadra Quadra 28,441,Mansões Village,Águas Lindas de Goiás,GO,6125685717,61986099193
Manuel Thales Ramos,56,52542635200,139265983,24/10/1964,Masculino,manuelthalesramos-82@vpsa.com.br,11345505,Rua do Areião,218,Samarita,São Vicente,SP,1339906526,13987701437
Luiza Juliana Patrícia Gonçalves,71,18699733569,202475578,05/11/1949,Feminino,lluizajulianapatriciagoncalves@belbrindes.com,79015144,Rua Neide Alves de Andrade,668,Gregorio Correa,Campo Grande,MS,6738361240,67984691245
Vera Mirella Costa,74,72832066631,432800256,14/11/1946,Feminino,veramirellacosta..veramirellacosta@badauy.com,57082085,Rua Carteiro José Barbosa da Silva,816,Santa Lúcia,Maceió,AL,8225692888,82993322493
Fernando Gael Eduardo Rocha,39,89612005931,392127854,13/02/1981,Masculino,fernandogaeleduardorocha-79@novaes.me,69058273,Travessa Virgílio Diniz,179,Novo Aleixo,Manaus,AM,9237619570,92986244760
Cecília Esther Cardoso,70,74509076150,422321886,26/03/1950,Feminino,cceciliaesthercardoso@leanclean.com.br,68465970,Avenida Presidente Getúlio Vargas 3865,925,Baião,Baião,PA,9125637141,91986204567
Vitória Sophia Alves,65,23727285710,371480425,07/05/1955,Feminino,vitoriasophiaalves-83@marcofaria.com,69911003,Travessa Itaquatiara,185,Volta Seca,Rio Branco,AC,6828271366,68989996319
Rafaela Daniela da Silva,63,26612031174,419185161,17/11/1957,Feminino,rafaeladanieladasilva-91@unilever.com,31370130,Rua Bagda,325,Trevo,Belo Horizonte,MG,3138478879,31982792709
Ricardo César Lopes,53,16285466386,179259337,26/04/1967,Masculino,ricardocesarlopes_@hitmail.com,65058592,Rua 105 NE,451,Jardim das Palmeiras,São Luís,MA,9837269848,98996481605
Isabela Malu Lima,75,73111282775,314385721,25/01/1945,Feminino,isabelamalulima..isabelamalulima@sanidet.com.br,69312282,Rua Lindolfo Bernardo Coutinho,259,Asa Branca,Boa Vista,RR,9538124388,95988815388
Carlos Eduardo Thomas da Paz,40,70751399167,288952194,24/07/1980,Masculino,ccarloseduardothomasdapaz@yool.com.br,41253127,Travessa Valdete,723,São Marcos,Salvador,BA,7128019918,71995728715
Gabriela Sônia Alessandra Freitas,36,50422204889,423414379,05/03/1984,Feminino,ggabrielasoniaalessandrafreitas@allianceconsultoria.com.br,54756032,Estrada de Aldeia,836,São Paulo,Camaragibe,PE,8125280132,81986988751
Alessandra Malu Carla Cavalcanti,36,86684550607,323922715,19/09/1984,Feminino,alessandramalucarlacavalcanti_@grupoaguaviva.com.br,13481854,Rua Lázaro Teodoro da Silva,791,Jardim Recanto Verde,Limeira,SP,1926931340,19997741737
Bento Pietro Pinto,44,64915653196,386180519,18/08/1976,Masculino,bentopietropinto-75@lumavale.com.br,29033302,Escadaria 13 de Fevereiro,891,Santos Reis,Vitória,ES,2737212989,27987089156
Sophia Sarah Teresinha Gomes,63,4983140492,391207386,09/03/1957,Feminino,sophiasarahteresinhagomes-97@budsoncorporation.com,41120330,Travessa Neide,797,Pernambués,Salvador,BA,7135777488,71996464422
Flávia Hadassa Pereira,64,457990163,243377769,19/01/1956,Feminino,fflaviahadassapereira@nipbr.com.br,78132358,Rua Liberdade,551,Primavera,Várzea Grande,MT,6539188404,65999747778
Sophie Maya Freitas,33,86414796433,394902026,14/11/1987,Feminino,sophiemayafreitas_@eletrolexeng.com.br,65058157,Rua 203 SO,782,Cidade Operária,São Luís,MA,9837468390,98983355442
Benício Vinicius Nunes,24,27462017202,123449674,24/11/1996,Masculino,benicioviniciusnunes__benicioviniciusnunes@eldor.it,71070041,Quadra QE 38 Conjunto D1,900,Guará II,Brasília,DF,6129664153,61982842077
Pedro Henrique Guilherme Almada,42,26700917689,298061314,26/03/1978,Masculino,pedrohenriqueguilhermealmada..pedrohenriqueguilhermealmada@bemdito.com.br,53370835,Rua Sem Saida,535,Ouro Preto,Olinda,PE,8135231121,81999513508
Raimundo Danilo Hugo Ferreira,77,58900350293,382307367,18/09/1943,Masculino,raimundodanilohugoferreira_@imail.com,64012160,Rua Sete,567,Cidade Industrial,Teresina,PI,8626967983,86985834675
Marcelo Emanuel Benício Cavalcanti,30,52335702386,405718111,27/07/1990,Masculino,mmarceloemanuelbeniciocavalcanti@gruposimoes.com.br,67030585,Rua João Batista,911,Centro,Ananindeua,PA,9127877446,91996908929
Joana Betina Pires,37,23124917960,117828014,14/11/1983,Feminino,joanabetinapires..joanabetinapires@openlink.com.br,69313602,Rua Soldado-Polícia Militar Wilson Paulino da Silva,118,Caranã,Boa Vista,RR,9535931485,95982589013
Rita Jéssica Sales,72,25284185587,138552903,04/01/1948,Feminino,ritajessicasales_@yahoo.ie,53180360,Rua Manganês,435,Águas Compridas,Olinda,PE,8136885375,81996424607
Mariane Luana Carla Pinto,33,93835396072,379523036,18/12/1987,Feminino,marianeluanacarlapinto__marianeluanacarlapinto@weatherford.com,78057345,Avenida B,191,Jardim Umuarama II,Cuiabá,MT,6538114223,65996138774
Tiago Caleb Vicente Lima,28,80594361800,398605774,13/12/1992,Masculino,ttiagocalebvicentelima@saboia.me,78142390,Rua Jacarandá,898,Mapim,Várzea Grande,MT,6539881587,65998280924
Raimunda Heloisa Moreira,65,71609792149,121647092,21/10/1955,Feminino,rraimundaheloisamoreira@atrix.com.br,72325508,Quadra QN 419 Conjunto H,672,Samambaia Norte (Samambaia),Brasília,DF,6139750630,61996857566
Vicente Yuri Guilherme da Rosa,27,46521287974,315596387,03/04/1993,Masculino,vvicenteyuriguilhermedarosa@dyna.com.br,90690425,Rua Mário Leitão,397,Petrópolis,Porto Alegre,RS,5127784190,51998094526
Daiane Emily da Silva,41,30339781424,283077554,23/11/1979,Feminino,daianeemilydasilva..daianeemilydasilva@ematelecom.com.br,18135070,Rua Abara,907,Jardim Rene,São Roque,SP,1127077224,11996811342
Lucas Eduardo Arthur Nascimento,65,69651886005,501426036,11/11/1955,Masculino,llucaseduardoarthurnascimento@pciinformatica.com,68927057,Avenida Tocantinópolis,580,Remedios,Santana,AP,9628302272,96995985945
Sophia Laís Nicole Castro,69,36725320880,420274893,15/01/1951,Feminino,sophialaisnicolecastro__sophialaisnicolecastro@gsw.com.br,63010548,Rua do Limoeiro,898,São Miguel,Juazeiro do Norte,CE,8838254648,88999387897
Paulo Theo Juan da Paz,31,77205994624,107781335,16/10/1989,Masculino,paulotheojuandapaz__paulotheojuandapaz@engeco.com.br,68928108,Travessa H,402,Paraíso,Santana,AP,9625011616,96982983882
Betina Mariane Viana,33,28311203490,363729197,06/11/1987,Feminino,betinamarianeviana-81@purkyt.com,89167160,Beco Emílio Gutjahr,924,Boa Vista,Rio do Sul,SC,4729934769,47999514201
Anthony Nathan Silva,65,84936367540,220724726,14/12/1955,Masculino,anthonynathansilva_@gerdau.com.br,74491425,Rua Pingo-de-Ouro,661,Residencial Mundo Novo 3,Goiânia,GO,6238214400,62998035421
Luís Calebe Henry Fogaça,69,91305958004,315678045,19/08/1951,Masculino,luiscalebehenryfogaca..luiscalebehenryfogaca@solutionimoveis.com.br,65040883,Travessa São Francisco,785,Vila dos Frades,São Luís,MA,9838276030,98992643145
Lúcia Lívia Barros,58,37071217718,429537402,05/11/1962,Feminino,lucialiviabarros-84@ideiaviva.com.br,77060202,Rua 16,114,Jardim Aureny II (Taquaralto),Palmas,TO,6338677035,63996943471
Sebastiana Ayla de Paula,52,92197444573,489408084,22/01/1968,Feminino,sebastianaayladepaula..sebastianaayladepaula@biconsult.com.br,49075130,Rua Carlos Garcia,664,Siqueira Campos,Aracaju,SE,7936071167,79986001257
Emily Letícia Monteiro,63,62372598210,288028946,12/12/1957,Feminino,eemilyleticiamonteiro@papayacomunicacao.com.br,71551432,Quadra Quadra 4 Conjunto 8,702,Setor Habitacional Taquari (Lago Norte),Brasília,DF,6127410084,61995684456
Luana Aurora Raimunda Figueiredo,23,91676133062,343223533,19/12/1997,Feminino,luanaauroraraimundafigueiredo-72@doucedoce.com.br,68902317,Rua Remo Amoras de Oliveira,220,Muca,Macapá,AP,9639262233,96991998504
Gabriel Nathan Drumond,41,48936541102,277864628,13/08/1979,Masculino,gabrielnathandrumond-70@rizan.com.br,63504665,Avenida Maria Hilda H. Oliveira,175,Cohabs,Iguatu,CE,8836749625,88991914672
Carolina Cecília Silva,42,58359716994,284196861,02/11/1978,Feminino,carolinaceciliasilva__carolinaceciliasilva@vetech.vet.br,57075535,Rua Antônio Brito,493,Santos Dumont,Maceió,AL,8229805572,82992351609
César Anderson Dias,29,29581291288,236297491,02/07/1991,Masculino,cesarandersondias-77@raioazul.com.br,77425660,Rua A-02,158,Residencial Parque das Acácias,Gurupi,TO,6335906291,63989117446
Ryan Tomás Ian Pinto,52,16024570503,508917372,10/09/1968,Masculino,ryantomasianpinto-96@brastek.com.br,41611705,Rua Tenente Bento,809,Nova Brasília de Itapuã,Salvador,BA,7129759269,71994040726
Otávio Joaquim Almeida,32,34238210948,414032895,19/07/1988,Masculino,ootaviojoaquimalmeida@attglobal.net,67125763,Quadra Vinte e Um,131,Icuí-Guajará,Ananindeua,PA,9128384759,91981562707
Laura Esther Gomes,76,98651469918,131328116,06/10/1944,Feminino,lauraesthergomes-74@grupointegraambiental.com.br,68905830,Avenida Gertrudes Saturnino Loureiro,267,Perpétuo Socorro,Macapá,AP,9639295836,96987529797
Luna Adriana Daniela Assunção,34,14867746525,265580833,15/11/1986,Feminino,lunaadrianadanielaassuncao_@ulbra.edu.br,38705014,Rua Álvaro Borges,136,Eldorado,Patos de Minas,MG,3435141420,34992844584
Hadassa Marcela Almeida,22,99574933458,350219357,20/07/1998,Feminino,hadassamarcelaalmeida__hadassamarcelaalmeida@fepextrusao.com.br,77016478,Quadra 607 Sul Alameda 13,241,Plano Diretor Sul,Palmas,TO,6328707394,63981595984
Luís Igor Enrico Moraes,42,50456587780,419507747,12/05/1978,Masculino,luisigorenricomoraes-97@peopleside.com.br,69041050,Rua Beija-flor Vermelho,344,Tarumã,Manaus,AM,9229993822,92988583070
Thiago César Noah Rezende,57,69727035060,427207897,24/01/1963,Masculino,tthiagocesarnoahrezende@iss.com.br,68929524,Rua Onze,445,Distrito Industrial,Santana,AP,9628863920,96988753612
Samuel Roberto Rocha,34,93478730988,414609323,06/05/1986,Masculino,samuelrobertorocha..samuelrobertorocha@sygma.com.br,83701182,Rua Rio de Janeiro,312,Iguaçu,Araucária,PR,4128374188,41993545837
Ian Marcos Vinicius José Novaes,76,40695278002,131521421,03/08/1944,Masculino,ianmarcosviniciusjosenovaes..ianmarcosviniciusjosenovaes@muricy.com,69912182,Rua João das Flores,281,Plácido de Castro,Rio Branco,AC,6826698832,68989039690
Henrique Augusto Melo,46,35549408449,121915591,25/05/1974,Masculino,henriqueaugustomelo..henriqueaugustomelo@detorsul.com,76876516,Rua Iara,515,Jardim Jorge Teixeira,Ariquemes,RO,6928468529,69991185308
Alessandra Sueli Francisca Silveira,35,34043583338,447237391,09/04/1985,Feminino,aalessandrasuelifranciscasilveira@engeco.com.br,89218325,Rua Carlos Willy Boehm,570,Costa e Silva,Joinville,SC,4725314253,47993446174
Andreia Fernanda da Cruz,27,63808426918,178346433,23/01/1993,Feminino,andreiafernandadacruz..andreiafernandadacruz@astconsult.com.br,62010270,Travessa do Xerez,243,Centro,Sobral,CE,8835778588,88993446354
Eduardo Oliver Enzo Gomes,79,83128764212,153931978,10/05/1941,Masculino,eeduardooliverenzogomes@sfreitasadvogados.com.br,69053420,Passagem Nacional,144,Nossa Senhora das Graças,Manaus,AM,9227848961,92986101985
Sarah Cristiane dos Santos,37,63673872346,352434703,14/05/1983,Feminino,sarahcristianedossantos_@plaman.com.br,79104131,Travessa Nova Cidade,495,Vila Nova Campo Grande,Campo Grande,MS,6725785825,67996998051
Gael Miguel Monteiro,55,92390351093,466076599,05/12/1965,Masculino,gaelmiguelmonteiro-80@poli.ufrj.br,77024518,Quadra 1206 Sul Alameda 41,378,Plano Diretor Sul,Palmas,TO,6339423834,63999623479
Marina Rafaela Porto,62,62334682640,389638365,26/09/1958,Feminino,marinarafaelaporto..marinarafaelaporto@azevedoalves.com.br,68927245,Travessa C Abreu,712,Nova Brasília,Santana,AP,9626939132,96986102238
Vicente Manuel César Pereira,37,45556880662,310207332,08/01/1983,Masculino,vvicentemanuelcesarpereira@googlemail.com,57062012,Rua José Menezes,475,Petrópolis,Maceió,AL,8226697669,82989262986
Filipe Paulo Diego Moreira,25,92518817581,101268397,08/03/1995,Masculino,filipepaulodiegomoreira..filipepaulodiegomoreira@dedicasa.com.br,29129750,Rodovia do Sol,165,Morada do Sol,Vila Velha,ES,2739888186,27983614511
Benedita Maria Tânia da Costa,25,12774135338,285546922,22/08/1995,Feminino,beneditamariataniadacosta..beneditamariataniadacosta@santosferreira.adv.br,41490502,Caminho 2,764,Mussurunga I,Salvador,BA,7138007327,71985476018
Isabela Caroline Melo,44,81657776298,127925466,25/12/1976,Feminino,isabelacarolinemelo-75@manjubinhafilmes.com.br,21730620,Rua Jorge Dyot Fontenelle,423,Realengo,Rio de Janeiro,RJ,2137462101,21994898275
Bernardo Henry Freitas,65,84763690183,276378209,10/10/1955,Masculino,bernardohenryfreitas__bernardohenryfreitas@johndeere.com,59065130,Rua Marquês de Olinda,767,Candelária,Natal,RN,8427546534,84996193452
Miguel Caio Juan Sales,25,41850206430,449671094,19/02/1995,Masculino,miguelcaiojuansales__miguelcaiojuansales@trbvm.com,68502420,Avenida Pedro Marinho,980,Cidade Nova,Marabá,PA,9428931203,94986867773
Allana Aparecida Santos,18,25711488856,368588415,03/11/2002,Feminino,allanaaparecidasantos_@delfrateinfo.com.br,79901448,Travessa Projetada X,730,São Bernardo II,Ponta Porã,MS,6735306514,67982434569
Débora Tatiane Mariane Almeida,78,99142609690,163506863,04/10/1942,Feminino,ddeboratatianemarianealmeida@orthoi.com.br,69070110,Beco Manoel Urbano,817,Educandos,Manaus,AM,9238854611,92982906905
Giovana Maitê Gonçalves,49,16316917406,222732714,08/12/1971,Feminino,giovanamaitegoncalves__giovanamaitegoncalves@julietavinhas.fot.br,38037592,Rua Robson Elias Borges,865,Conjunto Chica Ferreira,Uberaba,MG,3427855933,34999744845
Isadora Rebeca Giovanna Aragão,55,63847322974,228591296,01/10/1965,Feminino,iisadorarebecagiovannaaragao@granvale.com.br,79903428,Avenida Estoril,719,Jardim Estoril,Ponta Porã,MS,6729677967,67985710345
Bruna Luna Gonçalves,29,4285310910,432795558,20/03/1991,Feminino,bbrunalunagoncalves@bluespropaganda.com,25725136,Estrada do Capoeirão,369,Araras,Petrópolis,RJ,2427989601,24992906282
Gabriel Isaac Bernardo da Paz,50,9306599021,502385777,03/08/1970,Masculino,gabrielisaacbernardodapaz-81@torrez.com.br,58084024,Rua Luiz Quirino Gomes,673,Jardim Veneza,João Pessoa,PB,8336580848,83983180408
Eduarda Daniela Porto,71,60889829772,130065006,14/08/1949,Feminino,eduardadanielaporto..eduardadanielaporto@davimil.com.br,83323060,Rua Vinte e Quatro de Maio,251,Centro,Pinhais,PR,4139235399,41992170357
Aline Sophia Figueiredo,24,3220356192,140046355,13/04/1996,Feminino,alinesophiafigueiredo_@yahoo.se,71060912,QI 25 Lote 10,466,Guará II,Brasília,DF,6125898575,61988623727
Enzo Fábio da Luz,57,52925297021,492028084,04/03/1963,Masculino,enzofabiodaluz_@prositeweb.com.br,89015158,Rua Concórdia,250,Ribeirão Fresco,Blumenau,SC,4728551981,47986432634
Thales Raimundo Moraes,72,40993257682,207103513,11/09/1948,Masculino,thalesraimundomoraes__thalesraimundomoraes@brasfrutmanaus.com.br,68908020,Avenida Mateus Azevedo Coutinho,911,Julião Ramos,Macapá,AP,9638056172,96991289618
Mirella Luciana Rezende,60,84102174907,430707952,16/02/1960,Feminino,mirellalucianarezende_@limao.com.br,69918278,Rua Lua Nova,661,Isaura Parente,Rio Branco,AC,6825709171,68984940308
Nina Julia Lúcia Freitas,48,60664794661,253899588,19/01/1972,Feminino,ninajulialuciafreitas__ninajulialuciafreitas@gap.com.br,5109050,Rua Manoel José de França,428,Chácara São João,São Paulo,SP,1138163678,11984369805
Pedro Henrique Breno Castro,49,52488479900,476956365,21/04/1971,Masculino,pedrohenriquebrenocastro_@ft.unicamp.br,69552130,Rua Brasília,144,São Francisco,Tefé,AM,9736335047,97998402774
